{
  "0 - DATE": "2025-04-08T18:29:50.000Z",
  "1 - GEN": 9837.918,
  "2 - 3": 9823.577,
  "3 - GT": "Faulty",
  "4 - 5": "Faulty",
  "5 - 6": 9.694,
  "6 - 7": 1853.705,
  "7 - UT #A": 139.519,
  "8 - 9": 503.781,
  "9 - UT #B": 578.236,
  "10 - 11": 157.937,
  "11 - BR": 5.024,
  "12 - 13": 7.209,
  "13 - Line #1": 933.56,
  "14 - 15": 932.355,
  "15 - Line #2": 920.705,
  "16 - 17": 919.03,
  "17 - Line #1": 11.342,
  "18 - 19": 11.38,
  "19 - Line #2": 5.102,
  "20 - 21": 5.121,
  "21 - EL 3.5 m": 211663,
  "22 - 23": 238675,
  "23 - 24": 46560,
  "24 - 25": 37204.4,
  "25 - Generator EMR in UCP": 9877.76,
  "26 - GT EMR in GT Protection Panel": 1299.096,
  "27 - 28": 1.695,
  "28 - Line#1 Export": 849375,
  "29 - Line#2 Export": 838177,
  "30 - GT BAY Export": 3373668,
  "31 - 32": 3372127,
  "32 - Line#1 Import": 9776,
  "33 - Line#2 Import": 3092,
  "34 - GT BAY Import": 22417,
  "35 - 36": 22162,
  "36 - BR EMR": 13.81,
  "37 - GEN EMR": 8.918012727272485,
  "38 - 39": 8.918738181818087,
  "39 - GT EMR": 8.381818181817586,
  "40 - 41": 8.381818181817586,
  "41 - 42": 0,
  "42 - 43": 0,
  "43 - BR EMR": 0.005454545454545661,
  "44 - 45": 0.005454545454544046,
  "45 - Line 1 ABT Export  (Main)": 4.156363636363329,
  "46 - Line 1 ABT Export  (Check)": 4.167272727272988,
  "47 - Line 2 ABT Export  (Main)": 0,
  "48 - Line 2 ABT Export  (Check)": 4.16000000000002,
  "49 - Line 1 ABT Import  (Main)": 0,
  "50 - Line 1 ABT Import (Check)": 0,
  "51 - Line 2 ABT Import  (Main)": 0,
  "52 - Line 2 ABT Import (Check)": 0,
  "53 - Generator (SEPC)": 8.915836363636997,
  "54 - GIS Control Room - SEPC": 4.16,
  "55 - 56": 4.16,
  "56 - 57": 8.312,
  "57 - 58": 8.306000000000001,
  "58 - 59": 0,
  "59 - 60": 0,
  "60 - 61": 0,
  "61 - 62": 0,
  "62 - Bus Reactor (SEPC)": 0.007272727272727118,
  "63 - Power Generation": 8.918012727272485,
  "64 - 65": 8.918738181818087,
  "65 - 66": 72.86320363636372,
  "66 - 67": 72.86320363636372,
  "67 - Avg Power Generation": 371.58386363635356,
  "68 - 69": 337.3296464646468,
  "69 - 70": 337.3296464646468,
  "70 - Plant Load Factor (PLF)": 0.7077787878787687,
  "71 - 72": 0.6425326599326606,
  "72 - 73": 0.6425326599326606,
  "73 - Plant Availability Factor (PAF - DSM)": 1,
  "74 - 75": 0.843669694705372,
  "75 - 76": 0.843669694705372,
  "76 - GT Export": 8.381818181817586,
  "77 - 78": 68.05454545454515,
  "78 - 79": 68.05454545454515,
  "79 - GT Import": 0,
  "80 - 81": 0,
  "81 - 82": 0,
  "82 - Net Export": 8.381818181817586,
  "83 - 84": 68.05454545454515,
  "84 - 85": 68.05454545454515,
  "85 - APC": 0.5361945454548991,
  "86 - 87": 4.808658181818556,
  "87 - 88": 4.808658181818556,
  "88 - APC %": 0.06012489125689896,
  "89 - 90": 0.0659957007355453,
  "90 - 91": 0.0659957007355453,
  "91 - UT #A": 0.24239999999999784,
  "92 - 93": 2.203200000000004,
  "93 - 94": 2.203200000000004,
  "94 - UT #B": 0.27159999999998946,
  "95 - 96": 2.3300000000000183,
  "96 - 97": 2.3300000000000183,
  "97 - BR": 0.005454545454545661,
  "98 - 99": 0.058181818181818244,
  "99 - 100": 0.058181818181818244,
  "100 - DC PPA": 11.81256,
  "101 - 102": 89.69309000000001,
  "102 - 103": 89.69309000000001,
  "103 - SG PPA": 8.4401,
  "104 - 105": 68.61224,
  "105 - 106": 68.61224,
  "106 - DC (PPA)": 11.81256,
  "107 - 108": 89.69309000000001,
  "108 - 109": 89.69309000000001,
  "110 - 111": 0,
  "111 - 112": 0,
  "112 - SG (PPA+DAM+RTM)": 8.4401,
  "113 - 114": 68.61224,
  "114 - 115": 68.61224,
  "116 - 117": 0,
  "117 - 118": 0,
  "119 - 120": 0,
  "120 - 121": 0,
  "121 - DC % (PAF - PPA/DSM)": 0.9999999999999999,
  "122 - 123": 0.843669694705372,
  "123 - 124": 0.843669694705372,
  "124 - SG % (PLF - PPA/DSM)": 0.7145021908883424,
  "125 - 126": 0.6453793438697643,
  "126 - 127": 0.6453793438697643,
  "127 - Loss in DC %": 1.1102230246251565e-16,
  "128 - 129": 0.15633030529462802,
  "129 - 130": 0.15633030529462802,
  "130 - Loss in DC": 0,
  "131 - 132": 16.61995,
  "132 - 133": 16.61995,
  "133 - Loss of Generation (DSM + (DC-SG))": 3.6819872727275147,
  "134 - 135": 40.536796363636284,
  "135 - 136": 40.536796363636284,
  "136 - Under Inj - / Over Inj +": -0.0582818181824134,
  "137 - 138": -0.5576945454548419,
  "138 - 139": -0.5576945454548419,
  "139 - Loss - / Gain +": 0,
  "140 - 141": 0,
  "141 - 142": 0,
  "142 - DG": 3.3724600000000002,
  "143 - 144": 21.080849999999998,
  "144 - 145": 21.080849999999998,
  "145 - Asking Rate to achieve 80% of PPA": 9.228969047619048,
  "146 - 147": "DC Crossed 80 % : As On Date 84.37 % ",
  "147 - DC Loss Reason": "Nil",
  "148 - Grid Frequency": 49.75,
  "149 - 150": 49.99,
  "150 - 151": 49.99,
  "151 - Hours on Grid": "1899-12-30T18:38:50.000Z",
  "152 - 153": 9,
  "153 - 154": 9,
  "154 - 155": "1 Day(s), 0 Hrs, 0 Mins",
  "155 - 156": "9 Day(s), 0 Hrs, 0 Mins",
  "156 - 157": "9 Day(s), 0 Hrs, 0 Mins",
  "157 - Forced": 0,
  "158 - 159": 0,
  "159 - 160": 0,
  "160 - Planned": 0,
  "161 - 162": 0,
  "162 - 163": 0,
  "163 - RSD": 0,
  "164 - 165": 0,
  "165 - 166": 0,
  "166 - APC % High Reason": "NIL",
  "167 - MAJOR REMARKS": "Unit generation is as per SG & DSM. EM 1 Main meter faulty",
  "168 - Momentory Peak/Min Load": 536.987,
  "169 - 170": "1899-12-30T16:02:50.000Z",
  "170 - 171": 256.86,
  "171 - 172": "1899-12-30T08:50:50.000Z",
  "178 - 179": 9,
  "179 - 180": 9,
  "185 - Power Gen - GEN EMR UCP": 8.915836363636997,
  "186 - GT EMR GRP": 8.391272727272735,
  "187 - 188": 0,
  "188 - APC": 0.5245636363642614,
  "189 - APC": 0.05883504530250021,
  "190 - Difference (TNEB-SEPC) Mu": 0.002176363635488343,
  "191 - 192": -0.009454545455149344,
  "192 - 193": 0,
  "193 - Difference (TNEB-SEPC) %": 0.00024404132423277774,
  "194 - 195": -0.001127982646492952,
  "195 - 196": 0,
  "198 - 199": 11.8125,
  "199 - 200": 106.3125,
  "200 - 201": 106.3125,
  "201 - 202": 11.81256,
  "202 - 203": 89.69309000000001,
  "203 - 204": 89.69309000000001,
  "204 - 205": 1.0000050793650794,
  "205 - 206": 0.8436739800117579,
  "206 - 207": 0.8436739800117579,
  "207 - 208": 3.3724600000000002,
  "208 - 209": 21.080849999999998,
  "209 - 210": 21.080849999999998,
  "210 - 211": 11.754278181817586,
  "211 - 212": 89.13539545454516,
  "212 - 213": 89.13539545454516,
  "213 - 214": 0.9950711688311183,
  "214 - 215": 0.8384281759392843,
  "215 - 216": 0.8384281759392843,
  "216 - 217": 1,
  "217 - TNPDCL Approved": 13.992078534224667,
  "218 - 219": 13.992078534224667,
  "220 - 221": 0.020802920055084443,
  "223 - 224": 1.0000050793650794,
  "224 - 225": 0.8436739800117579,
  "225 - 226": 0.8436739800117579,
  "234 - 235": 0.7145058201058201,
  "235 - 236": 0.6453826219870664,
  "236 - 237": 0.6453826219870664,
  "237 - 238": 11.754278181817586,
  "239 - 240": -106264.5,
  "241 - 242": 0,
  "242 - 243": 0,
  "244 - 245": -515740.12999999995,
  "245 - 246": -515740.12999999995,
  "246 - 247": 242017.7094937,
  "248 - 249": 1623915.9935879502,
  "249 - 250": 1623915.9935879502,
  "250 - 251": 348282.2094937,
  "252 - 253": 19913830.165777784,
  "253 - 254": 2139656.12358795,
  "254 - 255": "Nil",
  "255 - Days": 0,
  "256 - 257": 16.61995,
  "257 - 258": 16.61995,
  "258 - 259": 0,
  "259 - 260": 0.156330305294628,
  "260 - 261": 0.156330305294628,
  "262 - 263": 16.61995,
  "263 - 264": 16.61995,
  "264 - 265": 0,
  "265 - 266": 0.156330305294628,
  "266 - 267": 0.156330305294628,
  "268 - 269": 0,
  "269 - 270": 0,
  "270 - 271": 0,
  "271 - 272": 0,
  "272 - 273": 0,
  "274 - 275": 0,
  "275 - 276": 0,
  "276 - 277": 0,
  "277 - 278": 0,
  "278 - 279": 0,
  "280 - 281": 0,
  "281 - 282": 0,
  "282 - 283": 0,
  "283 - 284": 0,
  "284 - 285": 0,
  "286 - 287": 0,
  "287 - 288": 0,
  "288 - 289": 0,
  "289 - 290": 0,
  "290 - 291": 0,
  "292 - 293": 0,
  "293 - 294": 0,
  "294 - 295": 0,
  "295 - 296": 0,
  "296 - 297": 0,
  "298 - 299": 0,
  "299 - 300": 0,
  "300 - 301": 0,
  "301 - 302": 0,
  "302 - 303": 0,
  "304 - 305": 0,
  "305 - 306": 0,
  "306 - 307": 0,
  "307 - 308": 0,